{
  "FaceDetails": [],
  "Labels": [
    {
      "Name": "Construction",
      "Confidence": 97.28703308105469,
      "Instances": [],
      "Parents": []
    },
    {
      "Name": "Construction Crane",
      "Confidence": 88.43218231201172,
      "Instances": [
        {
          "BoundingBox": {
            "Width": 0.31320467591285706,
            "Height": 0.9066451191902161,
            "Left": 0.0894417092204094,
            "Top": 0.03708939999341965
          },
          "Confidence": 81.94684600830078
        },
        {
          "BoundingBox": {
            "Width": 0.6974416971206665,
            "Height": 0.9043620228767395,
            "Left": 0.11830959469079971,
            "Top": 0.06126008555293083
          },
          "Confidence": 65.63076782226562
        }
      ],
      "Parents": []
    }
  ],
  "LabelModelVersion": "2.0"
}