{
  "FaceDetails": [],
  "Labels": [
    {
      "Name": "Construction Crane",
      "Confidence": 99.86087799072266,
      "Instances": [
        {
          "BoundingBox": {
            "Width": 0.8562001585960388,
            "Height": 0.854301393032074,
            "Left": 0.04968079552054405,
            "Top": 0.08881126344203949
          },
          "Confidence": 85.16930389404297
        }
      ],
      "Parents": []
    }
  ],
  "LabelModelVersion": "2.0"
}