{
  "FaceDetails": [],
  "Labels": [
    {
      "Name": "Person",
      "Confidence": 96.79792022705078,
      "Instances": [
        {
          "BoundingBox": {
            "Width": 0.060375019907951355,
            "Height": 0.12635305523872375,
            "Left": 0.5663607716560364,
            "Top": 0.634012758731842
          },
          "Confidence": 96.79792022705078
        },
        {
          "BoundingBox": {
            "Width": 0.04916634410619736,
            "Height": 0.11877758055925369,
            "Left": 0.6304250359535217,
            "Top": 0.6382588744163513
          },
          "Confidence": 86.81344604492188
        }
      ],
      "Parents": []
    },
    {
      "Name": "Human",
      "Confidence": 96.79792022705078,
      "Instances": [],
      "Parents": []
    },
    {
      "Name": "Gate",
      "Confidence": 96.08100891113281,
      "Instances": [],
      "Parents": []
    }
  ],
  "LabelModelVersion": "2.0"
}