{
  "FaceDetails": [],
  "Labels": [
    {
      "Name": "Text",
      "Confidence": 99.8584976196289,
      "Instances": [],
      "Parents": []
    },
    {
      "Name": "Page",
      "Confidence": 99.47850799560547,
      "Instances": [],
      "Parents": [
        {
          "Name": "Text"
        }
      ]
    },
    {
      "Name": "Book",
      "Confidence": 97.67769622802734,
      "Instances": [
        {
          "BoundingBox": {
            "Width": 0.9544317722320557,
            "Height": 0.962107241153717,
            "Left": 0.009003514423966408,
            "Top": 0.029971366748213768
          },
          "Confidence": 97.67769622802734
        }
      ],
      "Parents": []
    },
    {
      "Name": "Menu",
      "Confidence": 94.0692138671875,
      "Instances": [
        {
          "BoundingBox": {
            "Width": 0.9479315280914307,
            "Height": 0.9416560530662537,
            "Left": 0.047344330698251724,
            "Top": 0.05658954754471779
          },
          "Confidence": 94.0692138671875
        }
      ],
      "Parents": [
        {
          "Name": "Text"
        }
      ]
    }
  ],
  "LabelModelVersion": "2.0"
}