{
  "FaceDetails": [],
  "Labels": [
    {
      "Name": "Person",
      "Confidence": 98.6995620727539,
      "Instances": [
        {
          "BoundingBox": {
            "Width": 0.2202460616827011,
            "Height": 0.5952760577201843,
            "Left": 0.7770701050758362,
            "Top": 0.3969980478286743
          },
          "Confidence": 98.6995620727539
        },
        {
          "BoundingBox": {
            "Width": 0.18977490067481995,
            "Height": 0.6103940606117249,
            "Left": 0.5928459763526917,
            "Top": 0.3472098708152771
          },
          "Confidence": 78.1614990234375
        }
      ],
      "Parents": []
    },
    {
      "Name": "Human",
      "Confidence": 98.6995620727539,
      "Instances": [],
      "Parents": []
    },
    {
      "Name": "Outdoors",
      "Confidence": 61.07722854614258,
      "Instances": [],
      "Parents": []
    }
  ],
  "LabelModelVersion": "2.0"
}