{
  "FaceDetails": [],
  "Labels": [
    {
      "Name": "Painting",
      "Confidence": 94.4310302734375,
      "Instances": [
        {
          "BoundingBox": {
            "Width": 0.997129499912262,
            "Height": 0.8543770909309387,
            "Left": 0,
            "Top": 0.002661748556420207
          },
          "Confidence": 89.35844421386719
        }
      ],
      "Parents": [
        {
          "Name": "Art"
        }
      ]
    },
    {
      "Name": "Art",
      "Confidence": 94.4310302734375,
      "Instances": [],
      "Parents": []
    },
    {
      "Name": "Person",
      "Confidence": 79.78128814697266,
      "Instances": [
        {
          "BoundingBox": {
            "Width": 0.13556009531021118,
            "Height": 0.20180438458919525,
            "Left": 0.4212109446525574,
            "Top": 0.5100929141044617
          },
          "Confidence": 79.78128814697266
        }
      ],
      "Parents": []
    },
    {
      "Name": "Human",
      "Confidence": 79.78128814697266,
      "Instances": [],
      "Parents": []
    }
  ],
  "LabelModelVersion": "2.0"
}