{
  "FaceDetails": [],
  "Labels": [
    {
      "Name": "Puddle",
      "Confidence": 99.00601196289062,
      "Instances": [],
      "Parents": []
    },
    {
      "Name": "Rug",
      "Confidence": 88.4234848022461,
      "Instances": [
        {
          "BoundingBox": {
            "Width": 0.9444630742073059,
            "Height": 0.9663147926330566,
            "Left": 0.03881819173693657,
            "Top": 0.025739328935742378
          },
          "Confidence": 88.4234848022461
        }
      ],
      "Parents": []
    }
  ],
  "LabelModelVersion": "2.0"
}