{
  "FaceDetails": [],
  "Labels": [
    {
      "Name": "Door",
      "Confidence": 99.92133331298828,
      "Instances": [
        {
          "BoundingBox": {
            "Width": 0.48266837000846863,
            "Height": 0.5744639039039612,
            "Left": 0.2734764516353607,
            "Top": 0.256989449262619
          },
          "Confidence": 99.92133331298828
        }
      ],
      "Parents": []
    },
    {
      "Name": "Phone Booth",
      "Confidence": 97.58809661865234,
      "Instances": [],
      "Parents": []
    }
  ],
  "LabelModelVersion": "2.0"
}