{
  "FaceDetails": [],
  "Labels": [
    {
      "Name": "Prison",
      "Confidence": 96.36555480957031,
      "Instances": [],
      "Parents": []
    },
    {
      "Name": "Door",
      "Confidence": 72.6952896118164,
      "Instances": [
        {
          "BoundingBox": {
            "Width": 0.4208548665046692,
            "Height": 0.5490768551826477,
            "Left": 0.18809613585472107,
            "Top": 0.25744789838790894
          },
          "Confidence": 72.6952896118164
        }
      ],
      "Parents": []
    },
    {
      "Name": "Brick",
      "Confidence": 58.02812957763672,
      "Instances": [],
      "Parents": []
    }
  ],
  "LabelModelVersion": "2.0"
}