{
  "FaceDetails": [],
  "Labels": [
    {
      "Name": "Person",
      "Confidence": 97.84810638427734,
      "Instances": [
        {
          "BoundingBox": {
            "Width": 0.33933019638061523,
            "Height": 0.6080004572868347,
            "Left": 0.35745561122894287,
            "Top": 0.3798291087150574
          },
          "Confidence": 97.84810638427734
        }
      ],
      "Parents": []
    },
    {
      "Name": "Human",
      "Confidence": 97.84810638427734,
      "Instances": [],
      "Parents": []
    }
  ],
  "LabelModelVersion": "2.0"
}