{
  "FaceDetails": [],
  "Labels": [
    {
      "Name": "Gate",
      "Confidence": 99.00835418701172,
      "Instances": [
        {
          "BoundingBox": {
            "Width": 0.7753641605377197,
            "Height": 0.8505539298057556,
            "Left": 0.11251518130302429,
            "Top": 0.13238926231861115
          },
          "Confidence": 99.00835418701172
        }
      ],
      "Parents": []
    },
    {
      "Name": "Fence",
      "Confidence": 72.3406982421875,
      "Instances": [],
      "Parents": []
    }
  ],
  "LabelModelVersion": "2.0"
}