{
  "FaceDetails": [],
  "Labels": [
    {
      "Name": "Construction Crane",
      "Confidence": 99.79840850830078,
      "Instances": [
        {
          "BoundingBox": {
            "Width": 0.9062854051589966,
            "Height": 0.8350896239280701,
            "Left": 0.000527458090800792,
            "Top": 0.07321199029684067
          },
          "Confidence": 99.01936340332031
        }
      ],
      "Parents": []
    }
  ],
  "LabelModelVersion": "2.0"
}