{
  "FaceDetails": [],
  "Labels": [
    {
      "Name": "Page",
      "Confidence": 99.91930389404297,
      "Instances": [],
      "Parents": [
        {
          "Name": "Text"
        }
      ]
    },
    {
      "Name": "Text",
      "Confidence": 99.91930389404297,
      "Instances": [],
      "Parents": []
    },
    {
      "Name": "Book",
      "Confidence": 98.75521850585938,
      "Instances": [
        {
          "BoundingBox": {
            "Width": 0.9746285080909729,
            "Height": 0.971821129322052,
            "Left": 0.00984316598623991,
            "Top": 0.025835324078798294
          },
          "Confidence": 98.75521850585938
        }
      ],
      "Parents": []
    },
    {
      "Name": "Menu",
      "Confidence": 91.56381225585938,
      "Instances": [
        {
          "BoundingBox": {
            "Width": 0.9798582196235657,
            "Height": 0.9440268874168396,
            "Left": 0.01741701364517212,
            "Top": 0.04417173191905022
          },
          "Confidence": 91.56381225585938
        }
      ],
      "Parents": [
        {
          "Name": "Text"
        }
      ]
    }
  ],
  "LabelModelVersion": "2.0"
}