{
  "FaceDetails": [],
  "Labels": [
    {
      "Name": "Page",
      "Confidence": 99.80890655517578,
      "Instances": [],
      "Parents": [
        {
          "Name": "Text"
        }
      ]
    },
    {
      "Name": "Text",
      "Confidence": 99.80890655517578,
      "Instances": [],
      "Parents": []
    },
    {
      "Name": "Book",
      "Confidence": 91.33976745605469,
      "Instances": [
        {
          "BoundingBox": {
            "Width": 0.961824357509613,
            "Height": 0.9709448218345642,
            "Left": 0.011150360107421875,
            "Top": 0.02730081044137478
          },
          "Confidence": 91.33976745605469
        }
      ],
      "Parents": []
    },
    {
      "Name": "Menu",
      "Confidence": 91.33296966552734,
      "Instances": [
        {
          "BoundingBox": {
            "Width": 0.9640151858329773,
            "Height": 0.9615938663482666,
            "Left": 0.02963240258395672,
            "Top": 0.036651719361543655
          },
          "Confidence": 91.33296966552734
        }
      ],
      "Parents": [
        {
          "Name": "Text"
        }
      ]
    }
  ],
  "LabelModelVersion": "2.0"
}