{
  "FaceDetails": [],
  "Labels": [
    {
      "Name": "Book",
      "Confidence": 99.76005554199219,
      "Instances": [
        {
          "BoundingBox": {
            "Width": 0.9656455516815186,
            "Height": 0.9587160348892212,
            "Left": 0.005976234097033739,
            "Top": 0.02502725087106228
          },
          "Confidence": 99.76005554199219
        }
      ],
      "Parents": []
    },
    {
      "Name": "Text",
      "Confidence": 99.6096420288086,
      "Instances": [],
      "Parents": []
    },
    {
      "Name": "Page",
      "Confidence": 98.05952453613281,
      "Instances": [],
      "Parents": [
        {
          "Name": "Text"
        }
      ]
    },
    {
      "Name": "Menu",
      "Confidence": 95.60005950927734,
      "Instances": [
        {
          "BoundingBox": {
            "Width": 0.9484671354293823,
            "Height": 0.9623565077781677,
            "Left": 0.045661550015211105,
            "Top": 0.035889048129320145
          },
          "Confidence": 95.60005950927734
        }
      ],
      "Parents": [
        {
          "Name": "Text"
        }
      ]
    }
  ],
  "LabelModelVersion": "2.0"
}