{
  "FaceDetails": [],
  "Labels": [
    {
      "Name": "Rug",
      "Confidence": 93.0665054321289,
      "Instances": [
        {
          "BoundingBox": {
            "Width": 0.9619300961494446,
            "Height": 0.9878198504447937,
            "Left": 0.021243179216980934,
            "Top": 0.009425307624042034
          },
          "Confidence": 93.0665054321289
        }
      ],
      "Parents": []
    },
    {
      "Name": "Hole",
      "Confidence": 80.95655822753906,
      "Instances": [],
      "Parents": []
    },
    {
      "Name": "Foam",
      "Confidence": 79.58177947998047,
      "Instances": [],
      "Parents": []
    }
  ],
  "LabelModelVersion": "2.0"
}