{
  "FaceDetails": [],
  "Labels": [
    {
      "Name": "Door",
      "Confidence": 91.24729919433594,
      "Instances": [
        {
          "BoundingBox": {
            "Width": 0.44372299313545227,
            "Height": 0.28292199969291687,
            "Left": 0.2322297841310501,
            "Top": 0.7153236269950867
          },
          "Confidence": 91.24729919433594
        }
      ],
      "Parents": []
    },
    {
      "Name": "Brick",
      "Confidence": 62.954227447509766,
      "Instances": [],
      "Parents": []
    }
  ],
  "LabelModelVersion": "2.0"
}