{
  "FaceDetails": [],
  "Labels": [
    {
      "Name": "Sundial",
      "Confidence": 96.58714294433594,
      "Instances": [],
      "Parents": []
    },
    {
      "Name": "Mailbox",
      "Confidence": 66.58857727050781,
      "Instances": [
        {
          "BoundingBox": {
            "Width": 0.676933228969574,
            "Height": 0.7588099241256714,
            "Left": 0.09542147815227509,
            "Top": 0.12800514698028564
          },
          "Confidence": 66.58857727050781
        }
      ],
      "Parents": []
    },
    {
      "Name": "Letterbox",
      "Confidence": 66.58857727050781,
      "Instances": [],
      "Parents": []
    },
    {
      "Name": "Gate",
      "Confidence": 65.33869171142578,
      "Instances": [
        {
          "BoundingBox": {
            "Width": 0.6291182637214661,
            "Height": 0.7081727385520935,
            "Left": 0.11403484642505646,
            "Top": 0.14585661888122559
          },
          "Confidence": 65.33869171142578
        }
      ],
      "Parents": []
    }
  ],
  "LabelModelVersion": "2.0"
}