{
  "FaceDetails": [],
  "Labels": [
    {
      "Name": "Key",
      "Confidence": 96.70514678955078,
      "Instances": [],
      "Parents": []
    },
    {
      "Name": "Door",
      "Confidence": 79.1665267944336,
      "Instances": [
        {
          "BoundingBox": {
            "Width": 0.7948902249336243,
            "Height": 0.9532335996627808,
            "Left": 0.18423613905906677,
            "Top": 0.03490043804049492
          },
          "Confidence": 79.1665267944336
        }
      ],
      "Parents": []
    },
    {
      "Name": "Handle",
      "Confidence": 77.2171630859375,
      "Instances": [],
      "Parents": []
    }
  ],
  "LabelModelVersion": "2.0"
}