{
  "FaceDetails": [],
  "Labels": [
    {
      "Name": "Door",
      "Confidence": 80.32614135742188,
      "Instances": [
        {
          "BoundingBox": {
            "Width": 0.7302259802818298,
            "Height": 0.9207712411880493,
            "Left": 0.12888649106025696,
            "Top": 0.049396686255931854
          },
          "Confidence": 50.30161666870117
        }
      ],
      "Parents": []
    },
    {
      "Name": "Private Mailbox",
      "Confidence": 65.06173706054688,
      "Instances": [],
      "Parents": []
    },
    {
      "Name": "Gate",
      "Confidence": 59.976654052734375,
      "Instances": [],
      "Parents": []
    }
  ],
  "LabelModelVersion": "2.0"
}