{
  "FaceDetails": [],
  "Labels": [
    {
      "Name": "Door",
      "Confidence": 98.49795532226562,
      "Instances": [
        {
          "BoundingBox": {
            "Width": 0.8985913395881653,
            "Height": 0.9423899054527283,
            "Left": 0.016573116183280945,
            "Top": 0.02144491672515869
          },
          "Confidence": 77.43928527832031
        }
      ],
      "Parents": []
    }
  ],
  "LabelModelVersion": "2.0"
}