{
  "FaceDetails": [],
  "Labels": [
    {
      "Name": "Mailbox",
      "Confidence": 77.5297622680664,
      "Instances": [
        {
          "BoundingBox": {
            "Width": 0.5920301675796509,
            "Height": 0.6627505421638489,
            "Left": 0.0253448486328125,
            "Top": 0.1280866414308548
          },
          "Confidence": 77.5297622680664
        }
      ],
      "Parents": []
    },
    {
      "Name": "Letterbox",
      "Confidence": 77.5297622680664,
      "Instances": [],
      "Parents": []
    },
    {
      "Name": "Brick",
      "Confidence": 70.40386199951172,
      "Instances": [],
      "Parents": []
    }
  ],
  "LabelModelVersion": "2.0"
}