{
  "FaceDetails": [],
  "Labels": [
    {
      "Name": "Furniture",
      "Confidence": 98.46945190429688,
      "Instances": [],
      "Parents": []
    },
    {
      "Name": "Bed",
      "Confidence": 96.22154998779297,
      "Instances": [
        {
          "BoundingBox": {
            "Width": 0.3508853614330292,
            "Height": 0.4811844229698181,
            "Left": 0.08893264830112457,
            "Top": 0.45577216148376465
          },
          "Confidence": 96.22154998779297
        },
        {
          "BoundingBox": {
            "Width": 0.2993185520172119,
            "Height": 0.48368802666664124,
            "Left": 0.6800820231437683,
            "Top": 0.46602803468704224
          },
          "Confidence": 94.93244171142578
        }
      ],
      "Parents": [
        {
          "Name": "Furniture"
        }
      ]
    },
    {
      "Name": "Shop",
      "Confidence": 70.78865814208984,
      "Instances": [],
      "Parents": []
    }
  ],
  "LabelModelVersion": "2.0"
}