{
  "FaceDetails": [],
  "Labels": [
    {
      "Name": "Painting",
      "Confidence": 95.73006439208984,
      "Instances": [
        {
          "BoundingBox": {
            "Width": 0.8979988694190979,
            "Height": 0.9169296622276306,
            "Left": 0.035938721150159836,
            "Top": 0.05715739354491234
          },
          "Confidence": 77.71935272216797
        }
      ],
      "Parents": [
        {
          "Name": "Art"
        }
      ]
    },
    {
      "Name": "Art",
      "Confidence": 95.73006439208984,
      "Instances": [],
      "Parents": []
    },
    {
      "Name": "Person",
      "Confidence": 85.44902038574219,
      "Instances": [
        {
          "BoundingBox": {
            "Width": 0.02399848960340023,
            "Height": 0.06440454721450806,
            "Left": 0.44458597898483276,
            "Top": 0.7062693238258362
          },
          "Confidence": 85.44902038574219
        }
      ],
      "Parents": []
    },
    {
      "Name": "Human",
      "Confidence": 85.44902038574219,
      "Instances": [],
      "Parents": []
    }
  ],
  "LabelModelVersion": "2.0"
}