{
  "FaceDetails": [],
  "Labels": [
    {
      "Name": "Oilfield",
      "Confidence": 93.51512908935547,
      "Instances": [],
      "Parents": []
    },
    {
      "Name": "Construction Crane",
      "Confidence": 84.47940826416016,
      "Instances": [
        {
          "BoundingBox": {
            "Width": 0.31355997920036316,
            "Height": 0.8776753544807434,
            "Left": 0.5427396893501282,
            "Top": 0.034820497035980225
          },
          "Confidence": 84.47940826416016
        }
      ],
      "Parents": []
    },
    {
      "Name": "Soil",
      "Confidence": 62.16160583496094,
      "Instances": [],
      "Parents": []
    }
  ],
  "LabelModelVersion": "2.0"
}