{
  "FaceDetails": [],
  "Labels": [
    {
      "Name": "Oilfield",
      "Confidence": 98.38715362548828,
      "Instances": [],
      "Parents": []
    },
    {
      "Name": "Person",
      "Confidence": 85.94598388671875,
      "Instances": [
        {
          "BoundingBox": {
            "Width": 0.03318328782916069,
            "Height": 0.08135426044464111,
            "Left": 0.6132681369781494,
            "Top": 0.7074558734893799
          },
          "Confidence": 85.94598388671875
        },
        {
          "BoundingBox": {
            "Width": 0.03886062651872635,
            "Height": 0.1278153657913208,
            "Left": 0.8301750421524048,
            "Top": 0.758457362651825
          },
          "Confidence": 44.897579193115234
        }
      ],
      "Parents": []
    },
    {
      "Name": "Human",
      "Confidence": 85.94598388671875,
      "Instances": [],
      "Parents": []
    }
  ],
  "LabelModelVersion": "2.0"
}