{
  "FaceDetails": [],
  "Labels": [
    {
      "Name": "Construction",
      "Confidence": 92.0306625366211,
      "Instances": [],
      "Parents": []
    },
    {
      "Name": "Construction Crane",
      "Confidence": 62.606468200683594,
      "Instances": [
        {
          "BoundingBox": {
            "Width": 0.49661722779273987,
            "Height": 0.9168810248374939,
            "Left": 0.047350045293569565,
            "Top": 0.035446226596832275
          },
          "Confidence": 62.606468200683594
        }
      ],
      "Parents": []
    }
  ],
  "LabelModelVersion": "2.0"
}