{
  "FaceDetails": [],
  "Labels": [
    {
      "Name": "Prison",
      "Confidence": 98.09097290039062,
      "Instances": [],
      "Parents": []
    },
    {
      "Name": "Person",
      "Confidence": 94.32174682617188,
      "Instances": [
        {
          "BoundingBox": {
            "Width": 0.06344237923622131,
            "Height": 0.18738731741905212,
            "Left": 0.6580551862716675,
            "Top": 0.6010558009147644
          },
          "Confidence": 94.32174682617188
        }
      ],
      "Parents": []
    },
    {
      "Name": "Human",
      "Confidence": 94.32174682617188,
      "Instances": [],
      "Parents": []
    }
  ],
  "LabelModelVersion": "2.0"
}